30 bp target sequence (4 bp + 20 bp Protospacer + PAM + 3 bp),Averge indel frequency (%),"Chromatin accessibility (1= DNase I hypersensitive sites, 0 = Dnase I non-sensitive sites)"
TGTTACCATGTGAAACAGGCTGGGGGGATG,85.11906054,0
GGGGTGCGGCCAGTGGCCAGGGTTGGGCAG,42.20210205,0
TCACCATTTTCCAAAGGTACAATACGGGAA,51.03467795,0
TATTCTTTCTATGCTTTGTCACCCAGGCTG,78.85199082,0
CTCAGGCCTATGGTCGAGATTTAATGGAGG,8.397871234,0
ATGTCCTTCCCCGTCTCGGGTTCCAGGATG,18.80777225,0
GGACATGTGGGTCCCACATGATTGTGGTGT,70.6950241,0
GCAGAGGAGAGAGCCGCCCTCGAGCGGAGC,64.29031675,0
AGGAAGCAAACGAGCTGAAAGCCAGGGTTT,69.39509838,0
AAACTTGAGAGCTTTCATAAAGCTTGGCAA,28.63160786,0
TCTTTCACTTAGGAGAAGGCCCACAGGCTT,71.48150926,0
CCCACTCCCTCCCTCTCTTGGGCGTGGCTC,72.35749372,0
TTTGTGGTGGTTGCTATGGTAATCCGGCAC,52.30385385,0
GCATCTCCACTGACTTCACCTCAGTGGTGA,73.27169674,0
CACTCTGCCCTGCCCTGCTGCAGATGGAGC,53.75109069,0
TGCTTTCCCAGAGCTTCTGGGCCCAGGTCT,68.67678052,0
CATGCAGGCTGGTGGCGATGTTCTTGGCAG,64.67515274,0
CTTACACTTCTCCATCTCTTGCCATGGTGC,79.44199418,0
CAAGGAGTTAACCCATATTTATAGGGGAGA,66.04404423,0
TCACTTGGCAAGGAAGATGGAAGTGGGGAC,71.26635428,0
ATGTCTTTCCGTGGTCGGTGGTAAAGGAGG,60.07776485,0
GCCATCTTCCTCAAGTTCATATCCTGGGTC,66.47453849,0
CATTTTCCCTGGTGAGCATGTCCAAGGCAT,84.37121793,0
AACCTTCCAGGTCCTAAAGATTTGGGGTTA,63.3726285,0
ACCACCTCAGAGACGTTGCAGTTGGGGTCG,72.62283237,0
ACCCCGCTGTGTTTGCCGCCAGCCAGGGGG,0.709320213,0
GAAAACAGAATTTGTTGAGGGCGATGGTCA,61.0122396,0
ATGCGAGAGATGTATGATAGGGCAGGGGAG,71.89586111,0
ACAATGGCTCGGGGTTCTGCAAAGCGGGCC,68.97853969,0
TCTATGACATCAATTATTATACATCGGAGC,47.90532777,0
TGGTCTCTCCCCATTTTGTGCTAAGGGTAG,6.380126437,0
TTGAGTAGTTTGGGATCGACTTGGGGGTGC,70.77564376,0
GCAACGATGGGCTGCATGAGCCGCTGGACT,67.9706473,0
CTTTCTTCTTCCTCTCCTCTTTATAGGCGG,6.179340116,0
GTCGTTACTTGTCTGCAGGACGGCTGGTCC,58.98410187,0
GGATGTATTTGCCTCACTTTCTACTGGGGT,12.81216015,0
CCCAGCTCTCCTTAGGAGCAAGCAAGGGAG,66.14242304,0
TGCAAGGTGGCTGCTCCTAGTCACAGGGCC,73.84388988,1
GTGATACCCACCATTTATCAGGCGTGGACA,77.82716769,1
GCCAGTCCCTGGTCCCCACACCCTGGGCGT,80.14523719,1
CTGTTCCCTTCGCCTTCCACACGATGGCAT,82.07987736,1
CGATGGGGAGAGCCTTGGGACTGAGGGGCC,77.67800917,1
GCGGTGGCTTCAGAGTTGCCGAAGTGGGCG,76.19250955,1
AGCGCAGGGAGCCATTCGGGGCCCGGGCGG,75.70830153,1
GCCGGCGCCTGTGGCTTCTCTCAATGGAGG,39.19635567,1
GGGGGAAAGAGGAAATGTGGACGAAGGCAG,75.60753206,1
GGCCCCGTGTTTTCAGAGTCATGGAGGCGC,78.47322146,1
AGACACGAGGCCAGGCGCCCCTGCTGGATC,70.41322951,1
AGCGGGCATCCTCCTCGTTGGATGTGGAGG,60.53457561,1
ACGCAAATTTCACTCTCATTTTACAGGCGA,18.42721692,1
GTGGATAAAGTGCTGGCGCAATCGCGGCAC,75.64231014,1
AGGCAGGTCCCGACAGACAGGGGGAGGGCA,74.0360011,1
TAAGAGAGTGGTAATAGAAGTGCCAGGTAT,78.22319943,1
TGGCGCCCCCTGTTGGGGGAACTCTGGAAT,0.153207123,1
ACACAGTCTGCTTTTTAGACTGTTAGGTTT,65.2492069,1
GGTCTCACTCTAACCCGGGAGTGACGGGTC,77.7725257,1
CTCCTGGTCCAGTGCCAGGGTCTTGGGGCT,64.86245195,1
GGGACGAAGGGAAGCTCCAGCGTGTGGCCC,80.81086105,1
CTCACCACGGCAGTTCGTAGTGGCCGGCGC,66.78429351,1
GCCGCAGAACCTGAATGACGCCTACGGACC,77.11158497,1
TCAGGGCTGAACTAAAGCCTCCAGGGGGCC,73.89471637,1
CCCATCTTACAGATAGCGAAACTGAGGGGA,78.92066477,1