30 bp target sequence (4 bp + 20 bp Protospacer + PAM + 3 bp),Averge indel frequency (%),"Chromatin accessibility (1= DNase I hypersensitive sites, 0 = Dnase I non-sensitive sites)"
GCTGGGAGGGCCTGGGTCTGGACAGGGGCC,65.5921204,0
TATTCTTTCTATGCTTTGTCACCCAGGCTG,78.85199082,0
TGCTTTCCCAGAGCTTCTGGGCCCAGGTCT,68.67678052,0
CATGCAGGCTGGTGGCGATGTTCTTGGCAG,64.67515274,0
TGTTACCATGTGAAACAGGCTGGGGGGATG,85.11906054,0
GGGTTGAAGACTCTATTGGCCCGGGGGGCC,72.69379567,0
GGATGTATTTGCCTCACTTTCTACTGGGGT,12.81216015,0
CTGGTTTGAGTCAGTACATAGCAGTGGAAG,77.11005111,0
AGCCACTGCTGAACTCAGGGAGTCTGGTTC,73.4828292,0
ACAATGGCTCGGGGTTCTGCAAAGCGGGCC,68.97853969,0
CTCCCTTCGAGGACACAGTCTGTTAGGTCA,53.93543526,0
TCTTTCACTTAGGAGAAGGCCCACAGGCTT,71.48150926,0
CAGTGTCGTCCAGGGTGAAGATCACGGCAT,72.40887092,0
ACCCCGCTGTGTTTGCCGCCAGCCAGGGGG,0.709320213,0
TCTATGACATCAATTATTATACATCGGAGC,47.90532777,0
CCCAGCTCTCCTTAGGAGCAAGCAAGGGAG,66.14242304,0
TCCAGGACCAGGACAACTCCACGTTGGCTT,74.19739446,0
ACCACCTCAGAGACGTTGCAGTTGGGGTCG,72.62283237,0
AGCAGGTTCTGAGTTAGATGCAAAAGGCAT,74.38237819,0
CTTTCTTCTTCCTCTCCTCTTTATAGGCGG,6.179340116,0
ATGTCCTTCCCCGTCTCGGGTTCCAGGATG,18.80777225,0
GGGGTGCGGCCAGTGGCCAGGGTTGGGCAG,42.20210205,0
TTCGCAGGAGGACACTAACCTCCCTGGGAT,61.15674102,0
TTGAGTAGTTTGGGATCGACTTGGGGGTGC,70.77564376,0
TCCGCCCACCGGGATCCCCTTCCCAGGTCC,35.27892388,0
TGAGTTATAGACTGGGGATATAATTGGGAT,67.73200553,0
TTTGTGGTGGTTGCTATGGTAATCCGGCAC,52.30385385,0
AGGAAGCAAACGAGCTGAAAGCCAGGGTTT,69.39509838,0
TCCACAGAAACATTGAGGCCTGGCTGGGCA,44.50586555,0
TCACCATTTTCCAAAGGTACAATACGGGAA,51.03467795,0
GCCATCTTCCTCAAGTTCATATCCTGGGTC,66.47453849,0
CTATTCAGGATGACTCAGGCATCTGGGAGG,75.50395857,0
ATTATATGCAGAGCAGCCTGCAAAAGGAGA,69.81742397,0
AAACTTGAGAGCTTTCATAAAGCTTGGCAA,28.63160786,0
AGAACATCAACAAACTCCAGGAACTGGATC,67.09567757,0
CCCTCATGGTGCAGCTAAAGGCCCAGGAGC,80.10335781,0
GCAACGATGGGCTGCATGAGCCGCTGGACT,67.9706473,0
CCCATCTTACAGATAGCGAAACTGAGGGGA,78.92066477,1
GTGGATAAAGTGCTGGCGCAATCGCGGCAC,75.64231014,1
AGACACGAGGCCAGGCGCCCCTGCTGGATC,70.41322951,1
GAGGAATCGGTTTGTGTGGGGTGGGGGTGG,71.79778057,1
ACAAACCTGTGGCTCTGATAAAAGTGGGTG,54.60266353,1
GCCGCAGAACCTGAATGACGCCTACGGACC,77.11158497,1
AATATTTTTTGAACAACTCAGTTTTGGGTT,0.564674271,1
GGAACGCGGGTTGCTCCTCCCCAGGGGAAG,79.23575743,1
TAAGAGAGTGGTAATAGAAGTGCCAGGTAT,78.22319943,1
AGGCAGGTCCCGACAGACAGGGGGAGGGCA,74.0360011,1
TGGCGCCCCCTGTTGGGGGAACTCTGGAAT,0.153207123,1
GAACAAAATGATCAAATAACTAGGAGGGAT,70.95049449,1
CGTTCACACTGTCAGTCTATAAAACGGTTC,67.80849046,1
AACTGAAGGCTGAACAGCAGGGGTGGGAGA,81.17633948,1
TGCAAGGTGGCTGCTCCTAGTCACAGGGCC,73.84388988,1
GGGGGAAAGAGGAAATGTGGACGAAGGCAG,75.60753206,1
CGATGGGGAGAGCCTTGGGACTGAGGGGCC,77.67800917,1
AAGTGCCTGCCTGGTCCGAATGCAGGGAGT,82.64057693,1
ATCAGCAACCATTCCTTCAGCTCATGGGCA,61.99167373,1
GTGAGCCAGCACAGCCCCTTCCCTGGGCGG,62.74286026,1
GTGATACCCACCATTTATCAGGCGTGGACA,77.82716769,1
ATTAGGCGACAGTTATTCGAAGCCAGGAAC,62.87119734,1
AAGCCACTGGGCGGAAGTTTGCTGAGGGTC,72.96965993,1
AGCGCAGGGAGCCATTCGGGGCCCGGGCGG,75.70830153,1
GGTTAGGAAGGGCCCAGGACCGCCGGGGGC,69.94051812,1